{"cameraMode":{"drawMode":0,"name":"Shaded","section":"Shading Mode"},"sceneLighting":false,"audioPlay":false,"sceneViewState":{"showFog":true,"showMaterialUpdate":true,"showSkybox":false,"showFlares":true,"showImageEffects":true,"showParticleSystems":true},"in2DMode":false,"pivot":{"x":144.89634704589845,"y":-353.1262512207031,"z":-381.6591796875},"rotation":{"x":-0.04271683469414711,"y":-0.09939549118280411,"z":-0.0009867183398455382,"w":0.9946802258491516},"size":68.44642639160156,"orthographic":false}