{"cameraMode":{"drawMode":0,"name":"Shaded","section":"Shading Mode"},"sceneLighting":false,"audioPlay":false,"sceneViewState":{"showFog":true,"showMaterialUpdate":true,"showSkybox":false,"showFlares":true,"showImageEffects":true,"showParticleSystems":true},"in2DMode":false,"pivot":{"x":-441.488037109375,"y":290.4598693847656,"z":-30.15346336364746},"rotation":{"x":-0.08782269060611725,"y":0.004139892756938934,"z":-0.0008708825916983187,"w":-0.9964941143989563},"size":270.7822265625,"orthographic":false}