{"cameraMode":{"drawMode":0,"name":"Shaded","section":"Shading Mode"},"sceneLighting":false,"audioPlay":false,"sceneViewState":{"showFog":true,"showMaterialUpdate":true,"showSkybox":false,"showFlares":true,"showImageEffects":true,"showParticleSystems":true},"in2DMode":false,"pivot":{"x":-385.530029296875,"y":246.2215118408203,"z":-2.534787654876709},"rotation":{"x":-0.13595417141914369,"y":-0.1257437914609909,"z":0.017101434990763665,"w":-0.9829270839691162},"size":279.4918518066406,"orthographic":false}