{"cameraMode":{"drawMode":0,"name":"Shaded","section":"Shading Mode"},"sceneLighting":false,"audioPlay":false,"sceneViewState":{"showFog":true,"showMaterialUpdate":true,"showSkybox":false,"showFlares":true,"showImageEffects":true,"showParticleSystems":true},"in2DMode":false,"pivot":{"x":1.1892024278640748,"y":-5.522324562072754,"z":11.033895492553711},"rotation":{"x":0.24006353318691255,"y":-0.001724510220810771,"z":0.0005424517439678311,"w":0.970862865447998},"size":22.0,"orthographic":false}