{"cameraMode":{"drawMode":0,"name":"Shaded","section":"Shading Mode"},"sceneLighting":false,"audioPlay":false,"sceneViewState":{"showFog":true,"showMaterialUpdate":true,"showSkybox":false,"showFlares":true,"showImageEffects":true,"showParticleSystems":true},"in2DMode":false,"pivot":{"x":-438.9927673339844,"y":319.7699279785156,"z":-206.8175048828125},"rotation":{"x":0.04334649443626404,"y":0.09641668945550919,"z":-0.0037828763015568258,"w":0.9947609305381775},"size":61.65843963623047,"orthographic":false}