{"cameraMode":{"drawMode":0,"name":"Shaded","section":"Shading Mode"},"sceneLighting":false,"audioPlay":false,"sceneViewState":{"showFog":true,"showMaterialUpdate":true,"showSkybox":false,"showFlares":true,"showImageEffects":true,"showParticleSystems":true},"in2DMode":false,"pivot":{"x":-7.526570796966553,"y":15.982076644897461,"z":-12.003257751464844},"rotation":{"x":0.12295137345790863,"y":0.6817677021026611,"z":-0.11727288365364075,"w":0.7118291258811951},"size":10.945265769958496,"orthographic":false}