{"cameraMode":{"drawMode":0,"name":"Shaded","section":"Shading Mode"},"sceneLighting":false,"audioPlay":false,"sceneViewState":{"showFog":true,"showMaterialUpdate":true,"showSkybox":false,"showFlares":true,"showImageEffects":true,"showParticleSystems":true},"in2DMode":false,"pivot":{"x":-217.95492553710938,"y":226.89427185058595,"z":-439.167724609375},"rotation":{"x":0.06112601235508919,"y":0.0413348451256752,"z":-0.002398343523964286,"w":0.9973476529121399},"size":14.020296096801758,"orthographic":false}