{"cameraMode":{"drawMode":0,"name":"Shaded","section":"Shading Mode"},"sceneLighting":false,"audioPlay":false,"sceneViewState":{"showFog":true,"showMaterialUpdate":true,"showSkybox":false,"showFlares":true,"showImageEffects":true,"showParticleSystems":true},"in2DMode":false,"pivot":{"x":-424.06549072265627,"y":348.8250732421875,"z":-244.13941955566407},"rotation":{"x":0.03581203892827034,"y":-0.17573343217372895,"z":0.009454378858208657,"w":0.9842665195465088},"size":62.08961868286133,"orthographic":false}