{"cameraMode":{"drawMode":0,"name":"Shaded","section":"Shading Mode"},"sceneLighting":false,"audioPlay":false,"sceneViewState":{"showFog":true,"showMaterialUpdate":true,"showSkybox":false,"showFlares":true,"showImageEffects":true,"showParticleSystems":true},"in2DMode":false,"pivot":{"x":143.68992614746095,"y":-281.3984375,"z":-307.317138671875},"rotation":{"x":-0.014078957960009575,"y":0.011467165313661099,"z":-0.0030712035950273277,"w":-1.0003595352172852},"size":41.6496696472168,"orthographic":false}