{"cameraMode":{"drawMode":0,"name":"Shaded","section":"Shading Mode"},"sceneLighting":true,"audioPlay":false,"sceneViewState":{"showFog":true,"showMaterialUpdate":true,"showSkybox":true,"showFlares":true,"showImageEffects":true,"showParticleSystems":true},"in2DMode":false,"pivot":{"x":37.998802185058597,"y":-58.64360809326172,"z":1.32568359375},"rotation":{"x":-0.11222148686647415,"y":-0.021874308586120607,"z":-0.005959481466561556,"w":-0.994409441947937},"size":430.555419921875,"orthographic":false}