{"cameraMode":{"drawMode":0,"name":"Shaded","section":"Shading Mode"},"sceneLighting":false,"audioPlay":false,"sceneViewState":{"showFog":true,"showMaterialUpdate":true,"showSkybox":false,"showFlares":true,"showImageEffects":true,"showParticleSystems":true},"in2DMode":false,"pivot":{"x":0.9164268374443054,"y":134.3782196044922,"z":-579.7845458984375},"rotation":{"x":0.19474923610687257,"y":-0.002786855911836028,"z":0.0037630919832736255,"w":0.9813980460166931},"size":0.00005715767838410102,"orthographic":false}