{"cameraMode":{"drawMode":0,"name":"Shaded","section":"Shading Mode"},"sceneLighting":false,"audioPlay":false,"sceneViewState":{"showFog":true,"showMaterialUpdate":true,"showSkybox":false,"showFlares":true,"showImageEffects":true,"showParticleSystems":true},"in2DMode":false,"pivot":{"x":-254.5052032470703,"y":227.19290161132813,"z":-444.14605712890627},"rotation":{"x":-0.016762087121605874,"y":-0.06952988356351853,"z":-0.0010433171410113574,"w":0.9975163340568543},"size":14.020296096801758,"orthographic":false}