{"cameraMode":{"drawMode":0,"name":"Shaded","section":"Shading Mode"},"sceneLighting":false,"audioPlay":false,"sceneViewState":{"showFog":true,"showMaterialUpdate":true,"showSkybox":false,"showFlares":true,"showImageEffects":true,"showParticleSystems":true},"in2DMode":false,"pivot":{"x":-384.2489318847656,"y":297.39727783203127,"z":-200.0550537109375},"rotation":{"x":-0.183172345161438,"y":-0.18456432223320008,"z":0.031949806958436969,"w":-0.9656082391738892},"size":130.4650421142578,"orthographic":false}