{"cameraMode":{"drawMode":0,"name":"Shaded","section":"Shading Mode"},"sceneLighting":false,"audioPlay":false,"sceneViewState":{"showFog":true,"showMaterialUpdate":true,"showSkybox":false,"showFlares":true,"showImageEffects":true,"showParticleSystems":true},"in2DMode":false,"pivot":{"x":-403.73944091796877,"y":354.9544677734375,"z":-215.40093994140626},"rotation":{"x":-0.15338051319122315,"y":-0.001265107188373804,"z":-0.0029259249567985536,"w":-0.9886854887008667},"size":69.44332885742188,"orthographic":false}