{"cameraMode":{"drawMode":0,"name":"Shaded","section":"Shading Mode"},"sceneLighting":false,"audioPlay":false,"sceneViewState":{"showFog":true,"showMaterialUpdate":true,"showSkybox":false,"showFlares":true,"showImageEffects":true,"showParticleSystems":true},"in2DMode":false,"pivot":{"x":-452.7354736328125,"y":358.9093933105469,"z":-268.6134338378906},"rotation":{"x":-0.0761277973651886,"y":-0.03322216868400574,"z":0.0022739728447049858,"w":-0.9969159364700317},"size":2.8578836917877199,"orthographic":false}