{"cameraMode":{"drawMode":0,"name":"Shaded","section":"Shading Mode"},"sceneLighting":false,"audioPlay":false,"sceneViewState":{"showFog":true,"showMaterialUpdate":true,"showSkybox":false,"showFlares":true,"showImageEffects":true,"showParticleSystems":true},"in2DMode":false,"pivot":{"x":-476.5056457519531,"y":270.9355163574219,"z":-51.15916442871094},"rotation":{"x":-0.22556769847869874,"y":0.08225373178720474,"z":-0.019534360617399217,"w":-0.9709304571151733},"size":257.9017639160156,"orthographic":false}