{"cameraMode":{"drawMode":0,"name":"Shaded","section":"Shading Mode"},"sceneLighting":false,"audioPlay":false,"sceneViewState":{"showFog":true,"showMaterialUpdate":true,"showSkybox":false,"showFlares":true,"showImageEffects":true,"showParticleSystems":true},"in2DMode":false,"pivot":{"x":-446.517333984375,"y":319.9821472167969,"z":-15.179566383361817},"rotation":{"x":-0.040810707956552508,"y":-0.00931195355951786,"z":0.00014054065104573965,"w":-0.9994896650314331},"size":276.5837097167969,"orthographic":false}