{"cameraMode":{"drawMode":0,"name":"Shaded","section":"Shading Mode"},"sceneLighting":false,"audioPlay":false,"sceneViewState":{"showFog":true,"showMaterialUpdate":true,"showSkybox":false,"showFlares":true,"showImageEffects":true,"showParticleSystems":true},"in2DMode":false,"pivot":{"x":-138.35963439941407,"y":218.78140258789063,"z":-396.30059814453127},"rotation":{"x":-0.008731420151889325,"y":-0.3570437729358673,"z":-0.003187925787642598,"w":0.9341224431991577},"size":14.020296096801758,"orthographic":false}