{"cameraMode":{"drawMode":0,"name":"Shaded","section":"Shading Mode"},"sceneLighting":false,"audioPlay":false,"sceneViewState":{"showFog":true,"showMaterialUpdate":true,"showSkybox":false,"showFlares":true,"showImageEffects":true,"showParticleSystems":true},"in2DMode":false,"pivot":{"x":-388.3385925292969,"y":293.89306640625,"z":-174.16778564453126},"rotation":{"x":-0.2446032166481018,"y":-0.15932431817054749,"z":0.03748948127031326,"w":-0.9562548398971558},"size":114.66932678222656,"orthographic":false}