{"cameraMode":{"drawMode":0,"name":"Shaded","section":"Shading Mode"},"sceneLighting":false,"audioPlay":false,"sceneViewState":{"showFog":true,"showMaterialUpdate":true,"showSkybox":false,"showFlares":true,"showImageEffects":true,"showParticleSystems":true},"in2DMode":false,"pivot":{"x":-454.03643798828127,"y":225.1525421142578,"z":-163.1944122314453},"rotation":{"x":-0.28933635354042055,"y":0.1525302678346634,"z":-0.05036800727248192,"w":-0.9442031383514404},"size":167.6434326171875,"orthographic":false}