{"cameraMode":{"drawMode":0,"name":"Shaded","section":"Shading Mode"},"sceneLighting":false,"audioPlay":false,"sceneViewState":{"showFog":true,"showMaterialUpdate":true,"showSkybox":false,"showFlares":true,"showImageEffects":true,"showParticleSystems":true},"in2DMode":false,"pivot":{"x":-127.10078430175781,"y":215.44134521484376,"z":-393.1997985839844},"rotation":{"x":0.11022871732711792,"y":0.06944885104894638,"z":-0.007577964570373297,"w":0.9915244579315186},"size":14.020296096801758,"orthographic":false}