{"cameraMode":{"drawMode":0,"name":"Shaded","section":"Shading Mode"},"sceneLighting":false,"audioPlay":false,"sceneViewState":{"showFog":true,"showMaterialUpdate":true,"showSkybox":false,"showFlares":true,"showImageEffects":true,"showParticleSystems":true},"in2DMode":false,"pivot":{"x":-411.6536560058594,"y":371.83758544921877,"z":-234.98046875},"rotation":{"x":-0.042809680104255679,"y":0.0290556401014328,"z":-0.00423682015389204,"w":-0.9991702437400818},"size":76.95838165283203,"orthographic":false}