{"cameraMode":{"drawMode":0,"name":"Shaded","section":"Shading Mode"},"sceneLighting":false,"audioPlay":false,"sceneViewState":{"showFog":true,"showMaterialUpdate":true,"showSkybox":false,"showFlares":true,"showImageEffects":true,"showParticleSystems":true},"in2DMode":false,"pivot":{"x":-417.691162109375,"y":325.770751953125,"z":-252.90415954589845},"rotation":{"x":-0.1819009631872177,"y":0.7422069907188416,"z":-0.2287409007549286,"w":-0.6039506196975708},"size":67.06726837158203,"orthographic":false}