{"cameraMode":{"drawMode":0,"name":"Shaded","section":"Shading Mode"},"sceneLighting":false,"audioPlay":false,"sceneViewState":{"showFog":true,"showMaterialUpdate":true,"showSkybox":false,"showFlares":true,"showImageEffects":true,"showParticleSystems":true},"in2DMode":false,"pivot":{"x":-363.83331298828127,"y":285.3135986328125,"z":-32.39066696166992},"rotation":{"x":-0.12413296103477478,"y":-0.1864791214466095,"z":0.023379595950245858,"w":-0.9746801257133484},"size":262.6531982421875,"orthographic":false}