{"cameraMode":{"drawMode":0,"name":"Shaded","section":"Shading Mode"},"sceneLighting":false,"audioPlay":false,"sceneViewState":{"showFog":true,"showMaterialUpdate":true,"showSkybox":false,"showFlares":true,"showImageEffects":true,"showParticleSystems":true},"in2DMode":false,"pivot":{"x":-4.100000381469727,"y":-4.830718994140625,"z":40.79023361206055},"rotation":{"x":0.16217607259750367,"y":-0.02235490269958973,"z":0.007424578070640564,"w":0.9872353672981262},"size":70.28839111328125,"orthographic":false}