{"cameraMode":{"drawMode":0,"name":"Shaded","section":"Shading Mode"},"sceneLighting":false,"audioPlay":false,"sceneViewState":{"showFog":true,"showMaterialUpdate":true,"showSkybox":false,"showFlares":true,"showImageEffects":true,"showParticleSystems":true},"in2DMode":false,"pivot":{"x":-375.2156677246094,"y":269.1368103027344,"z":-165.30665588378907},"rotation":{"x":-0.20153439044952393,"y":-0.18796472251415254,"z":0.036292485892772678,"w":-0.9611307978630066},"size":164.24090576171876,"orthographic":false}