{"cameraMode":{"drawMode":0,"name":"Shaded","section":"Shading Mode"},"sceneLighting":false,"audioPlay":false,"sceneViewState":{"showFog":true,"showMaterialUpdate":true,"showSkybox":false,"showFlares":true,"showImageEffects":true,"showParticleSystems":true},"in2DMode":false,"pivot":{"x":-426.36798095703127,"y":380.47991943359377,"z":-23.51125717163086},"rotation":{"x":0.029291654005646707,"y":-0.07580006122589112,"z":-0.002536061219871044,"w":-0.9970574975013733},"size":257.118408203125,"orthographic":false}