{"cameraMode":{"drawMode":0,"name":"Shaded","section":"Shading Mode"},"sceneLighting":false,"audioPlay":false,"sceneViewState":{"showFog":true,"showMaterialUpdate":true,"showSkybox":false,"showFlares":true,"showImageEffects":true,"showParticleSystems":true},"in2DMode":false,"pivot":{"x":-456.5090026855469,"y":258.3130798339844,"z":16.226293563842775},"rotation":{"x":0.08091849088668823,"y":-0.02178161032497883,"z":0.002247687429189682,"w":0.9968531131744385},"size":293.11505126953127,"orthographic":false}