{"cameraMode":{"drawMode":0,"name":"Shaded","section":"Shading Mode"},"sceneLighting":false,"audioPlay":false,"sceneViewState":{"showFog":true,"showMaterialUpdate":true,"showSkybox":false,"showFlares":true,"showImageEffects":true,"showParticleSystems":true},"in2DMode":false,"pivot":{"x":0.34305596351623537,"y":2.4079155921936037,"z":0.7036914825439453},"rotation":{"x":0.1161554604768753,"y":-0.01522329356521368,"z":0.005504030268639326,"w":0.9938488602638245},"size":26.90578842163086,"orthographic":false}