{"cameraMode":{"drawMode":0,"name":"Shaded","section":"Shading Mode"},"sceneLighting":false,"audioPlay":false,"sceneViewState":{"showFog":true,"showMaterialUpdate":true,"showSkybox":false,"showFlares":true,"showImageEffects":true,"showParticleSystems":true},"in2DMode":false,"pivot":{"x":-268.69696044921877,"y":226.28140258789063,"z":-444.7259826660156},"rotation":{"x":0.11022871732711792,"y":0.06944885104894638,"z":-0.007577964570373297,"w":0.9915244579315186},"size":8.077020645141602,"orthographic":false}