{"cameraMode":{"drawMode":0,"name":"Shaded","section":"Shading Mode"},"sceneLighting":false,"audioPlay":false,"sceneViewState":{"showFog":true,"showMaterialUpdate":true,"showSkybox":false,"showFlares":true,"showImageEffects":true,"showParticleSystems":true},"in2DMode":false,"pivot":{"x":59.18500518798828,"y":-2.8922550678253176,"z":-67.2140121459961},"rotation":{"x":-0.04260678216814995,"y":0.008108134381473065,"z":-0.00011823533714050427,"w":-0.9993314146995544},"size":10.311308860778809,"orthographic":false}