{"cameraMode":{"drawMode":0,"name":"Shaded","section":"Shading Mode"},"sceneLighting":false,"audioPlay":false,"sceneViewState":{"showFog":true,"showMaterialUpdate":true,"showSkybox":false,"showFlares":true,"showImageEffects":true,"showParticleSystems":true},"in2DMode":false,"pivot":{"x":-393.0054626464844,"y":295.17779541015627,"z":-161.5931854248047},"rotation":{"x":-0.10430578887462616,"y":-0.0458885058760643,"z":0.0016112684970721603,"w":-0.9940090179443359},"size":124.1496810913086,"orthographic":false}