{"cameraMode":{"drawMode":0,"name":"Shaded","section":"Shading Mode"},"sceneLighting":false,"audioPlay":false,"sceneViewState":{"showFog":true,"showMaterialUpdate":true,"showSkybox":false,"showFlares":true,"showImageEffects":true,"showParticleSystems":true},"in2DMode":false,"pivot":{"x":-231.09213256835938,"y":311.3243408203125,"z":-126.7142105102539},"rotation":{"x":-0.02256590873003006,"y":-0.5009779930114746,"z":0.01254198420792818,"w":-0.865500807762146},"size":274.8835754394531,"orthographic":false}