{"cameraMode":{"drawMode":0,"name":"Shaded","section":"Shading Mode"},"sceneLighting":false,"audioPlay":false,"sceneViewState":{"showFog":true,"showMaterialUpdate":true,"showSkybox":false,"showFlares":true,"showImageEffects":true,"showParticleSystems":true},"in2DMode":false,"pivot":{"x":-401.36865234375,"y":307.5942077636719,"z":-148.61968994140626},"rotation":{"x":-0.10985133051872254,"y":0.05998949706554413,"z":-0.009719420224428177,"w":-0.9926109313964844},"size":122.3896255493164,"orthographic":false}